{"total_revenue": 48123713640.60135, "total_units": 153149129.0, "total_promo_spend": 7670872506.33, "overall_roi": 6.273564526185214, "top_product": "X-Plended", "top_team": "Challengers", "yoy_growth": 16.6, "correlation": 0.466, "same_month_corr": 0.784, "total_doctors": 10040}