Month,Forecast,Upper,Lower
Apr 2026,1388185541.7336884,1554767806.7417312,1221603276.7256458
May 2026,1335879968.3624425,1496185564.5659359,1175574372.1589494
Jun 2026,1282945235.1210723,1436898663.335601,1128991806.9065437
Jul 2026,1283550599.3951304,1437576671.3225462,1129524527.4677148
Aug 2026,1286857597.0929654,1441280508.7441213,1132434685.4418094
Sep 2026,1285541669.4191058,1439806669.7493987,1131276669.088813
