Month,Forecast,Upper,Lower
Apr 2026,2060785604.5473602,2308079877.093044,1813491332.001677
May 2026,2039635664.7856452,2284391944.5599227,1794879385.0113678
Jun 2026,1990107607.697993,2228920520.6217523,1751294694.7742338
Jul 2026,2074862217.5669653,2323845683.6750016,1825878751.4589295
Aug 2026,2073131832.1235108,2321907651.9783325,1824356012.2686896
Sep 2026,2098862584.465107,2350726094.60092,1846999074.3292942
